keyword,degree
operating systems,1.0
risc-v,0.2222222222222222
computer architecture,0.2222222222222222
software,0.1111111111111111
registers,0.1111111111111111
reliability,0.1111111111111111
hardware,0.1111111111111111
ecosystems,0.1111111111111111
software support,0.1111111111111111
energy,0.1111111111111111
